
name,year,end_year
Steve Atwater,1989,1999
Champ Bailey, 1999, 2013
Ronde Barber, 1997, 2012
Tony Boselli, 1995, 2002
Isaac Bruce,1994.0,2009.0
LeRoy Butler, 1990, 2001
Alan Faneca, 1998, 2010
Tony Gonzalez, 1997, 2013
Torry Holt,1999.0,2009.0
Steve Hutchinson, 2001, 2012
Edgerrin James,1999.0,2009.0
Ty Law, 1995, 2009
John Lynch, 1993, 2007
Clay Matthews, 1978, 1996
Kevin Mawae, 1994, 2009
Karl Mecklenburg, 1983, 1994
Sam Mills, 1986, 1997
Ed Reed, 2002, 2013
Richard Seymour, 2001, 2012
Zach Thomas, 1996, 2008
Hines Ward,1998.0,2011.0
Darren Woodson, 1992, 2003